<?xml version="1.0" encoding="UTF-8" ?>
<!DOCTYPE struts PUBLIC
        "-//Apache Software Foundation//DTD Struts Configuration 2.5//EN"
        "http://struts.apache.org/dtds/struts-2.5.dtd">
<struts>
    <constant name="struts.enable.DynamicMethodInvocation" value="false"/>
    <constant name="struts.devMode" value="true"/>

    <package name="default" namespace="/" extends="struts-default">

        <default-action-ref name="index"/>

        <action name="index">
            <result>WEB-INF/index.jsp</result>
        </action>

        <action name="actionA" class="org.apache.struts_examples.ActionA">
            <param name="name">Chain from A to B</param>
            <result name="success" type="chain">
                <param name="actionName">actionB</param>
            </result>
        </action>

        <action name="actionB" class="org.apache.struts_examples.ActionB">
            <result>WEB-INF/ActionB.jsp</result>
        </action>

    </package>

    <!-- Add addition packages and configuration here. -->
</struts>
