<?xml version="1.0" encoding="iso-8859-1"?>
<!DOCTYPE struts-config PUBLIC
          "-//Apache Software Foundation//DTD Struts Configuration 1.2//EN"
          "http://struts.apache.org/dtds/struts-config_1_2.dtd">
<struts-config>
  <form-beans>
    <form-bean name="uploadForm" type="org.apache.struts.webapp.upload.UploadForm" />
  </form-beans>
  <action-mappings>
    <action path="/upload" forward="/upload.jsp" />
    <!-- Upload Action -->
    <action path="/upload-submit" type="org.apache.struts.webapp.upload.UploadAction" name="uploadForm" scope="request" input="input">
      <forward name="input" path="/upload.jsp" />
      <forward name="display" path="/display.jsp" />
    </action>
    <action path="/upload-commons-submit" type="org.apache.struts.webapp.upload.CommonsFileuploadAction">
      <forward name="input" path="/upload.jsp" />
      <forward name="display" path="/display.jsp" />
    </action>
  </action-mappings>
  <!-- This is where you set the maximum file size for your file uploads.
         -1 is an unlimited size. If you
         don't specify this here, it defaults to -1. -->
  <controller maxFileSize="2M" inputForward="true" multipartClass="org.hdiv.upload.HDIVMultipartRequestHandler" />
   
  <message-resources parameter="org.apache.struts.webapp.upload.UploadResources"/>
  
  <!-- ============================================ Plug Ins Configuration  -->
  <!-- 
       Add multiple validator resource files by setting the pathnames property 
       with a comma delimitted list of resource files to load. 
    -->
  <plug-in className="org.apache.struts.validator.ValidatorPlugIn">
    <set-property property="pathnames" value="/WEB-INF/validator-rules.xml,/WEB-INF/upload/validation.xml" />
  </plug-in>
</struts-config>
