<?xml version="1.0" encoding="UTF-8" ?>
<!DOCTYPE struts PUBLIC
"-//Apache Software Foundation//DTD Struts Configuration 2.0//EN"
"http://struts.apache.org/dtds/struts-2.0.dtd">
 
<struts>
	
	<package name="default" namespace="/" extends="struts-default">
		<action name="SayWelcome">
			<result>pages/welcome.jsp</result>
		</action>
	</package>
	
	<package name="common" namespace="/common" extends="struts-default">
		<action name="SayWelcome">
			<result>pages/welcome.jsp</result>
		</action>
	</package>
	
	<package name="user" namespace="/user" extends="struts-default">
		<action name="SayWelcome">
			<result>pages/welcome.jsp</result>
		</action>
	</package>
	
</struts>