<?xml version="1.0" encoding="iso-8859-1"?>
<!DOCTYPE struts-config PUBLIC
          "-//Apache Software Foundation//DTD Struts Configuration 1.2//EN"
          "http://struts.apache.org/dtds/struts-config_1_2.dtd">
<struts-config>
  <!--============================================== Form Bean Definitions  -->
  <form-beans>
    <!-- Registration form bean -->
    <form-bean name="registrationForm" type="org.apache.struts.webapp.validator.RegistrationForm" />
    <!-- Multi-Part Registration form bean -->
    <form-bean name="multiRegistrationForm" type="org.apache.struts.webapp.validator.RegistrationForm" />
    <!-- Type form bean -->
    <form-bean name="typeForm" type="org.apache.struts.webapp.validator.TypeForm" />
    <!-- JavaScript Type form bean -->
    <form-bean name="jsTypeForm" type="org.apache.struts.webapp.validator.TypeForm" />
    <!-- Locale form bean -->
    <form-bean name="localeForm" type="org.apache.struts.action.DynaActionForm">
      <form-property name="language" type="java.lang.String" />
      <form-property name="country" type="java.lang.String" />
    </form-bean>
    <form-bean name="bundlesForm" type="org.apache.struts.validator.DynaValidatorForm">
      <form-property name="name" type="java.lang.String" />
      <form-property name="address" type="java.lang.String" />
      <form-property name="phone" type="java.lang.String" />
      <form-property name="dob" type="java.lang.String" />
      <form-property name="age" type="java.lang.String" />
    </form-bean>
    <form-bean name="validWhenForm" type="org.apache.struts.validator.DynaValidatorForm">
      <form-property name="firstName" type="java.lang.String" initial="Fred" />
      <form-property name="lastName" type="java.lang.String" />
      <form-property name="fieldA" type="java.lang.String" />
      <form-property name="fieldB" type="java.lang.String" initial="XYZ" />
      <form-property name="min" type="java.lang.String" initial="25" />
      <form-property name="max" type="java.lang.String" initial="9" />
      <form-property name="address1" type="java.lang.String" />
      <form-property name="address2" type="java.lang.String" />
      <form-property name="city" type="java.lang.String" initial="Boston" />
      <form-property name="zip" type="java.lang.String" />
    </form-bean>
  </form-beans>
  <!-- ======================================== Global Forward Definitions  -->
  <global-forwards>
    <forward name="home" path="/index.jsp" />
  </global-forwards>
  <!-- ========================================= Action Mapping Definitions -->
  <action-mappings>
    <action path="/welcome" forward="/index.jsp" />
    <!-- Registration Action -->
    <action path="/registration" forward="/registration.jsp" />
    <action path="/registration-submit" type="org.apache.struts.webapp.validator.RegistrationAction" name="registrationForm" scope="request" validate="true" input="input">
      <set-property property="cancellable" value="true"/>
      <forward name="input" path="/registration.do" />
      <forward name="success" path="/index.jsp" />
    </action>
    <action path="/jsRegistration" forward="/jsRegistration.jsp" />
    <!-- Multi-Part Registration Action -->
    <action path="/multiRegistration" forward="/multiRegistration1.jsp" />
    <action path="/multiRegistration-submit" type="org.apache.struts.webapp.validator.MultiRegistrationAction" name="multiRegistrationForm" scope="request" validate="false">
      <set-property property="cancellable" value="true"/>
      <forward name="success" path="/welcome.do" />
      <forward name="input1" path="/multiRegistration1.jsp" />
      <forward name="input2" path="/multiRegistration2.jsp" />
    </action>
    <!-- Type Action -->
    <action path="/type" forward="/type.jsp" />
    <action path="/type-submit" type="org.apache.struts.webapp.validator.TypeAction" name="typeForm" scope="request" validate="true" input="input">
      <set-property property="cancellable" value="true"/>
      <forward name="input" path="/type.do" />
      <forward name="success" path="/welcome.do" />
    </action>
    <!-- JavaScript Type Action -->
    <action path="/editJsType" type="org.apache.struts.webapp.validator.EditTypeAction" scope="request" validate="false">
      <forward name="success" path="/jsType.do" />
    </action>
    <action path="/jsType" forward="/jsType.jsp" />
    <action path="/jsType-submit" type="org.apache.struts.webapp.validator.TypeAction" name="jsTypeForm" scope="request" validate="true" input="/jsType.jsp">
      <set-property property="cancellable" value="true"/>
      <forward name="success" path="/welcome.do" />
    </action>

    <!-- Bundles Examples -->
    <action path="/viewBundleExamples" forward="/bundleExamples.jsp" />
    <action path="/validateBundleExamples" type="org.apache.struts.actions.ForwardAction" name="bundlesForm" scope="request" 
            parameter="/validator/welcome.do" validate="true" input="input" >
      <set-property property="cancellable" value="true"/>
            <forward name="input" path="/viewBundleExamples.do" />
    </action>

    <!-- JavaScript Bundles Examples -->
    <action path="/viewJsBundleExamples" forward="/bundleExamplesJS.jsp" />
    <action path="/validateJsBundleExamples" type="org.apache.struts.actions.ForwardAction" name="bundlesForm" scope="request" 
            parameter="/validator/welcome.do" validate="true" input="input" >
      <set-property property="cancellable" value="true"/>
            <forward name="input" path="/viewJsBundleExamples.do" />
    </action>

    <!-- validwhen Examples -->
    <action path="/viewValidWhenExamples" forward="/validWhenExamples.jsp" />
    <action path="/validateValidWhenExamples" type="org.apache.struts.actions.ForwardAction" name="validWhenForm" scope="request" 
            parameter="/validator/welcome.do" validate="true" input="input" >
      <set-property property="cancellable" value="true"/>
            <forward name="input" path="/viewValidWhenExamples.do" />
    </action>

    <!-- Locale Action -->
    <action path="/locale" type="org.apache.struts.webapp.validator.LocaleAction" name="localeForm" scope="request">
      <forward name="success" path="/welcome.do" />
    </action>
  </action-mappings>
  
  <!-- ============================================= Controller Definition  -->
  <controller inputForward="true" processorClass="org.hdiv.action.HDIVRequestProcessor" />
  
  <!-- ===================================== Message Resources Definitions  -->
  <message-resources parameter="org.apache.struts.webapp.validator.MessageResources" />
  <message-resources key="other" parameter="org.apache.struts.webapp.validator.OtherMessageResources" />
  <message-resources key="different" parameter="org.apache.struts.webapp.validator.DifferentMessageResources" />
  
  <!-- ============================================ Plug Ins Configuration  -->
  <!-- 
       Add multiple validator resource files by setting the pathnames property 
       with a comma delimitted list of resource files to load. 
    -->
  <plug-in className="org.apache.struts.validator.ValidatorPlugIn">
    <set-property property="pathnames" value="/WEB-INF/validator-rules.xml,/WEB-INF/validator/validation.xml" />
    <set-property property="stopOnFirstError" value="true" />
  </plug-in>
</struts-config>
