<?xml version="1.0" encoding="UTF-8" ?>
<!--
/*
* Licensed to the Apache Software Foundation (ASF) under one
* or more contributor license agreements.  See the NOTICE file
* distributed with this work for additional information
* regarding copyright ownership.  The ASF licenses this file
* to you under the Apache License, Version 2.0 (the
* "License"); you may not use this file except in compliance
* with the License.  You may obtain a copy of the License at
*
*  http://www.apache.org/licenses/LICENSE-2.0
*
* Unless required by applicable law or agreed to in writing,
* software distributed under the License is distributed on an
* "AS IS" BASIS, WITHOUT WARRANTIES OR CONDITIONS OF ANY
* KIND, either express or implied.  See the License for the
* specific language governing permissions and limitations
* under the License.
*/
-->
<!DOCTYPE struts PUBLIC
        "-//Apache Software Foundation//DTD Struts Configuration 6.0//EN"
        "http://struts.apache.org/dtds/struts-6.0.dtd">

<struts>

    <constant name="struts.devMode" value="true"/>
    <constant name="struts.enable.DynamicMethodInvocation" value="false"/>

    <!-- Set expression and BeanInfo caches to size 1000 with LRU cache mode -->
    <constant name="struts.ognl.expressionCacheMaxSize" value="1000"/>
    <constant name="struts.ognl.expressionCacheLRUMode" value="true"/>
    <constant name="struts.ognl.beanInfoCacheMaxSize" value="1000"/>
    <constant name="struts.ognl.beanInfoCacheLRUMode" value="true"/>

    <bean type="com.opensymphony.xwork2.ognl.ExpressionCacheFactory"
          class="org.apache.struts.cache.CustomOECFactory"
          name="customOgnlExpressionCacheFactory"
          scope="singleton"/>

    <constant name="struts.ognl.expressionCacheFactory" value="customOgnlExpressionCacheFactory"/>

    <package name="default" extends="struts-default">

        <default-action-ref name="index"/>

        <action name="index">
            <result>/WEB-INF/index.jsp</result>
        </action>

    </package>

</struts>
