<?xml version="1.0" encoding="UTF-8" ?>
<!-- https://struts.apache.org/docs/struts-defaultxml.html -->
<!DOCTYPE struts PUBLIC
    "-//Apache Software Foundation//DTD Struts Configuration 2.3//EN"
    "http://struts.apache.org/dtds/struts-2.3.dtd">
<struts>
	<package name="default" extends="struts-default">
		<global-results>
			<result name="error">/Error.jsp</result>
		</global-results>

		<global-exception-mappings>
			<exception-mapping exception="java.lang.Exception"
				result="error" />
		</global-exception-mappings>
	</package>

</struts>