<?xml version="1.0" encoding="UTF-8" ?>
<!DOCTYPE struts PUBLIC
        "-//Apache Software Foundation//DTD Struts Configuration 2.5//EN"
        "http://struts.apache.org/dtds/struts-2.5.dtd">
<struts>
    <constant name="struts.enable.DynamicMethodInvocation" value="false"/>
    <constant name="struts.devMode" value="true"/>
    <constant name="struts.i18n.reload" value="true"/>

    <package name="default" extends="struts-default">

        <default-action-ref name="index"/>

        <action name="index" class="org.apache.struts_example.IndexAction">
            <result>/WEB-INF/index.jsp</result>
        </action>

    </package>

    <!-- Add addition packages and configuration here. -->
</struts>
