<?xml version="1.0" encoding="UTF-8" ?>
<!DOCTYPE struts PUBLIC
        "-//Apache Software Foundation//DTD Struts Configuration 2.5//EN"
        "http://struts.apache.org/dtds/struts-2.5.dtd">
<struts>
    <constant name="struts.enable.DynamicMethodInvocation" value="false"/>
    <constant name="struts.devMode" value="true"/>

    <include file="example.xml"/>

    <package name="default" namespace="/" extends="struts-default">

        <interceptors>
            <interceptor-stack name="default">
                <interceptor-ref name="createSession"/>
            </interceptor-stack>
        </interceptors>

        <default-interceptor-ref name="default"/>

        <default-action-ref name="index"/>

        <action name="index">
            <result type="redirectAction">
                <param name="actionName">HelloWorld1</param>
                <param name="namespace">/example</param>
            </result>
        </action>

    </package>

    <!-- Add addition packages and configuration here. -->
</struts>
