<?xml version="1.0" encoding="UTF-8"?>
<Configuration>
  <Appenders>
    <Console name="STDOUT" target="SYSTEM_OUT">
      <PatternLayout pattern="%d %-5p [%t] %C{2} (%F:%L) - %m%n"/>
    </Console>
  </Appenders>
  <Loggers>
    <Logger name="com.opensymphony.xwork2" level="info"/>
    <Logger name="org.apache.struts2" level="info"/>
    <Logger name="org.apache.struts2.views.jasperreports" level="debug"/>
    <Logger name="org.apache.struts.example" level="debug"/>
    <Root level="warn">
      <AppenderRef ref="STDOUT"/>
    </Root>
  </Loggers>
</Configuration>